{
  "applicantCategory": [
    {
      "applicantType": "adult",
      "documentCategory": [
        {
          "key": "proofOfAddress",
          "values": ["DOC001", "DOC013", "DOC014", "DOC015", "DOC005", "DOC005", "DOC006", "DOC016", "DOC017", "DOC018", "DOC008"]
        },
        {
          "key": "proofOfIdentity",
           "values": ["DOC001", "DOC002", "DOC003", "DOC004", "DOC005", "DOC006", "DOC007", "DOC008", "DOC009", "DOC010", "DOC011", "DOC012"]
        }            
      ]
    },
    {
      "applicantType": "child",
      "documentCategory": [
        {
          "key": "proofOfRelation",
          "values": ["DOC024", "DOC025", "DOC026", "DOC001", "DOC027", "DOC028"]
        },
        {
           "key": "proofOfIdentity",
           "values": ["DOC001", "DOC006", "DOC009"]
        },
        {
          "key": "proofOfAddress",
          "values": ["DOC001", "DOC013", "DOC014", "DOC006"]
              }
      ]
    }
  ]
}
