  
{
  "types":
  [
    {
      "id" : "idtype1",
      "name" : "Secure Digital QR Code",
      "description" : "",
      "issuers" : [{"code" : "paytm", "name" : "PayTM"}, {"code" : "idpass", "name" : "IDPass"}, {"code" : "visa", "name" : "Visa"}]
    },
    {
      "id" : "idtype1.1",
      "name" : "Minimal Digital QR Code",
      "description" : "",
      "issuers" : [{"code":"mos", "name": "Mosip"}]
    },
    {
      "id" : "idtype2",
      "name" : "Printed Photo ID",
      "description" : "",
      "issuers" : [{"code" : "psa", "name" : "PhilSys"}, {"code" : "rmb", "name" : "RMB Bank"}, {"code" : "mastercard", "name" : "Mastercard"}]
    },
    {
      "id" : "ekyc1",
      "name" : "Banking EKYC",
      "description" : "",
      "issuers" : [{"code":"mos", "name": "Mosip"}]
    },
    {
      "id" : "govtid",
      "name" : "Login to govt portal",
      "description" : "",
      "issuers" : [{"code":"kclk", "name":"OpenKeycloak"}, {"code" : "master", "name" : "MasterWS02"}, {"code" : "visa", "name" : "VisaOAuth"}]
    }
  ]
}
