{
  "identity": {
    "fullName": {
      "documentCategory": "proofOfIdentity"
    },
    "parentOrGuardianRID": {
      "documentCategory" : "proofOfRelationship"
    },
    "parentOrGuardianUIN": {
      "documentCategory" : "proofOfRelationship"
    },
    "age": {
      "documentCategory" : "proofOfIdentity"
    },
    "addressLine1": {
      "documentCategory" : "proofOfAddress"
    },
    "addressLine2": {
      "documentCategory" : "proofOfAddress"
    },
    "addressLine3": {
      "documentCategory" : "proofOfAddress"
    },
    "region": {
      "documentCategory" : "proofOfAddress"
    },
    "province": {
      "documentCategory" : "proofOfAddress"
    },
    "postalCode": {
      "documentCategory" : "proofOfAddress"
    },
    "localAdministrativeAuthority": {
      "documentCategory" : "proofOfAddress"
    },
    "city": {
      "documentCategory" : "proofOfAddress"
    }
  }
} 
