<routes xmlns="http://camel.apache.org/schema/spring">
   <!-- Packet-Reciever to securezone-notification Route -->
   <route id="packet-reciever-->securezone-notification activated route">
      <from uri="eventbus://packet-receiver-activated-bus-out" />
      <log message="packet-reciever-->securezone-notification activated-route ${bodyAs(String)}" />
      <choice>
         <when>
            <jsonpath>$.[?(@['isValid'] == false &amp;&amp; @['internalError'] == true)]</jsonpath>
            <to uri="workflow-cmd://complete-as-failed" />
         </when>
         <when>
            <jsonpath>$.[?(@['isValid'] == true &amp;&amp; @['internalError'] == true)]</jsonpath>
            <to uri="workflow-cmd://mark-as-reprocess" />
         </when>
         <when>
            <jsonpath>$.[?(@['isValid'] == false &amp;&amp; @['internalError'] == false)]</jsonpath>
            <to uri="workflow-cmd://complete-as-failed" />
         </when>
         <otherwise>
            <to uri="eventbus://securezone-notification-bus-in" />
         </otherwise>
      </choice>
   </route>
   <route id="securezone-notification-->packet-uploader activated route">
      <from uri="eventbus://securezone-notification-activated-bus-out" />
      <log message="securezone-notification-->packet-uploader activated route ${bodyAs(String)}" />
      <choice>
         <when>
            <jsonpath>$.[?(@['isValid'] == false &amp;&amp; @['internalError'] == true)]</jsonpath>
            <to uri="workflow-cmd://complete-as-failed" />
         </when>
         <when>
            <jsonpath>$.[?(@['isValid'] == true &amp;&amp; @['internalError'] == true)]</jsonpath>
            <to uri="workflow-cmd://mark-as-reprocess" />
         </when>
         <when>
            <jsonpath>$.[?(@['isValid'] == false &amp;&amp; @['internalError'] == false)]</jsonpath>
            <to uri="workflow-cmd://complete-as-failed" />
         </when>
         <otherwise>
            <to uri="eventbus://packet-uploader-bus-in" />
         </otherwise>
      </choice>
   </route>
   <!-- Packet uploader to uin-generator Route -->
   <route id="packet-uploader-->uin-generator activated route">
      <from uri="eventbus://packet-uploader-activated-bus-out" />
      <log message="packet-uploader-->uin-generator activated route ${bodyAs(String)}" />
      <choice>
         <when>
            <jsonpath>$.[?(@['isValid'] == false &amp;&amp; @['internalError'] == true)]</jsonpath>
            <to uri="workflow-cmd://complete-as-failed" />
            <to uri="workflow-cmd://anonymous-profile" />

         </when>
         <when>
            <jsonpath>$.[?(@['isValid'] == true &amp;&amp; @['internalError'] == true)]</jsonpath>
            <to uri="workflow-cmd://mark-as-reprocess" />
         </when>
         <when>
            <jsonpath>$.[?(@['isValid'] == false &amp;&amp; @['internalError'] == false)]</jsonpath>
            <to uri="workflow-cmd://complete-as-failed" />
            <to uri="workflow-cmd://anonymous-profile" />
         </when>
         <otherwise>
            <to uri="eventbus://uin-generator-bus-in" />
         </otherwise>
      </choice>
   </route>
   <!-- UIN Generator to biometric-extraction Route -->
   <route id="uin-generation route-->biometric-extraction-stage activated route">
      <from uri="eventbus://uin-generator-activated-bus-out" />
      <log message="uin-generation-->biometric-extraction-stage route ${bodyAs(String)}" />
      <choice>
         <when>
            <jsonpath>$.[?(@['isValid'] == false &amp;&amp; @['internalError'] == true)]</jsonpath>
            <to uri="workflow-cmd://complete-as-failed" />
            <to uri="workflow-cmd://anonymous-profile" />
         </when>
         <when>
            <jsonpath>$.[?(@['isValid'] == true &amp;&amp; @['internalError'] == true)]</jsonpath>
            <to uri="workflow-cmd://mark-as-reprocess" />
         </when>
         <when>
            <jsonpath>$.[?(@['isValid'] == false &amp;&amp; @['internalError'] == false)]</jsonpath>
            <to uri="workflow-cmd://complete-as-failed" />
            <to uri="workflow-cmd://anonymous-profile" />
         </when>
         <otherwise>
            <to uri="eventbus://biometric-extraction-bus-in" />
         </otherwise>
      </choice>
   </route>
   <!-- biometric-extraction to finalization Route -->
   <route id="biometric-extraction route-->finalization-stage activated route">
      <from uri="eventbus://biometric-extraction-activated-bus-out" />
      <log message="biometric-extraction-->finalization-stage route ${bodyAs(String)}" />
      <choice>
         <when>
            <jsonpath>$.[?(@['isValid'] == false &amp;&amp; @['internalError'] == true)]</jsonpath>
            <to uri="workflow-cmd://complete-as-failed" />
            <to uri="workflow-cmd://anonymous-profile" />
         </when>
         <when>
            <jsonpath>$.[?(@['isValid'] == true &amp;&amp; @['internalError'] == true)]</jsonpath>
            <to uri="workflow-cmd://mark-as-reprocess" />
         </when>
         <when>
            <jsonpath>$.[?(@['isValid'] == false &amp;&amp; @['internalError'] == false)]</jsonpath>
            <to uri="workflow-cmd://complete-as-failed" />
            <to uri="workflow-cmd://anonymous-profile" />
         </when>
         <otherwise>
            <to uri="eventbus://finalization-bus-in" />
         </otherwise>
      </choice>
   </route>
   <!-- finalization to activated Route -->
   <route id="finalization route--> activated route">
      <from uri="eventbus://finalization-activated-bus-out" />
      <log message="finalization--> activated route ${bodyAs(String)}" />
      <choice>
         <when>
            <jsonpath>$.[?(@['isValid'] == false &amp;&amp; @['internalError'] == true)]</jsonpath>
            <to uri="workflow-cmd://complete-as-failed" />
            <to uri="workflow-cmd://anonymous-profile" />
         </when>
         <when>
            <jsonpath>$.[?(@['isValid'] == true &amp;&amp; @['internalError'] == true)]</jsonpath>
            <to uri="workflow-cmd://mark-as-reprocess" />
         </when>
         <when>
            <jsonpath>$.[?(@['isValid'] == false &amp;&amp; @['internalError'] == false)]</jsonpath>
            <to uri="workflow-cmd://complete-as-failed" />
            <to uri="workflow-cmd://anonymous-profile" />
         </when>
         <otherwise>
            <to uri="workflow-cmd://complete-as-processed" />
            <to uri="workflow-cmd://anonymous-profile" />
         </otherwise>
      </choice>
   </route>
</routes>
