<routes xmlns="http://camel.apache.org/schema/spring">
   <route id="packet-receiver-->securezone-notification opencrvs_new route">
      <from uri="eventbus://packet-receiver-opencrvs_new-bus-out" />
      <log message="packet-receiver-->securezone-notification opencrvs_new ${bodyAs(String)}" />
      <choice>
         <when>
            <jsonpath>$.[?(@['isValid'] == false &amp;&amp; @['internalError'] == true)]</jsonpath>
            <to uri="workflow-cmd://complete-as-failed" />
         </when>
         <when>
            <jsonpath>$.[?(@['isValid'] == true &amp;&amp; @['internalError'] == true)]</jsonpath>
            <to uri="workflow-cmd://mark-as-reprocess" />
         </when>
         <when>
            <jsonpath>$.[?(@['isValid'] == false &amp;&amp; @['internalError'] == false)]</jsonpath>
            <to uri="workflow-cmd://complete-as-failed" />
         </when>
         <otherwise>
            <to uri="eventbus://securezone-notification-bus-in" />
         </otherwise>
      </choice>
   </route>
   <route id="securezone-notification-->packet-uploader opencrvs_new route">
      <from uri="eventbus://securezone-notification-opencrvs_new-bus-out" />
      <log message="securezone-notification-->packet-uploader opencrvs_new route ${bodyAs(String)}" />
      <choice>
         <when>
            <jsonpath>$.[?(@['isValid'] == false &amp;&amp; @['internalError'] == true)]</jsonpath>
            <to uri="workflow-cmd://complete-as-failed" />
         </when>
         <when>
            <jsonpath>$.[?(@['isValid'] == true &amp;&amp; @['internalError'] == true)]</jsonpath>
            <to uri="workflow-cmd://mark-as-reprocess" />
         </when>
         <when>
            <jsonpath>$.[?(@['isValid'] == false &amp;&amp; @['internalError'] == false)]</jsonpath>
            <to uri="workflow-cmd://complete-as-failed" />
         </when>
         <otherwise>
            <to uri="eventbus://packet-uploader-bus-in" />
         </otherwise>
      </choice>
   </route>
   <route id="packet-uploader-->packet-validator opencrvs_new route">
      <from uri="eventbus://packet-uploader-opencrvs_new-bus-out" />
      <log message="packet-uploader-->packet-validator opencrvs_new route ${bodyAs(String)}" />
      <choice>
         <when>
            <jsonpath>$.[?(@['isValid'] == false &amp;&amp; @['internalError'] == true)]</jsonpath>
            <to uri="workflow-cmd://complete-as-failed" />
         </when>
         <when>
            <jsonpath>$.[?(@['isValid'] == true &amp;&amp; @['internalError'] == true)]</jsonpath>
            <to uri="workflow-cmd://mark-as-reprocess" />
         </when>
         <when>
            <jsonpath>$.[?(@['isValid'] == false &amp;&amp; @['internalError'] == false)]</jsonpath>
            <to uri="workflow-cmd://complete-as-failed" />
         </when>
         <otherwise>
            <to uri="eventbus://packet-validator-bus-in" />
         </otherwise>
      </choice>
   </route>
   <route id="packet-validator-->packet-classifier opencrvs_new route">
      <from uri="eventbus://packet-validator-opencrvs_new-bus-out" />
      <log message="packet-validator-->packet-classifier opencrvs_new route ${bodyAs(String)}" />
      <choice>
         <when>
            <jsonpath>$.[?(@['isValid'] == false &amp;&amp; @['internalError'] == true)]</jsonpath>
            <to uri="workflow-cmd://complete-as-failed" />
            <to uri="workflow-cmd://anonymous-profile" />
         </when>
         <when>
            <jsonpath>$.[?(@['isValid'] == true &amp;&amp; @['internalError'] == true)]</jsonpath>
            <to uri="workflow-cmd://mark-as-reprocess" />
         </when>
         <when>
            <jsonpath>$.[?(@['isValid'] == false &amp;&amp; @['internalError'] == false)]</jsonpath>
            <to uri="workflow-cmd://complete-as-failed" />
            <to uri="workflow-cmd://anonymous-profile" />
         </when>
         <otherwise>
            <to uri="eventbus://packet-classifier-bus-in" />
         </otherwise>
      </choice>
   </route>
   <route id="packet-classifier-->demo-dedupe opencrvs_new route">
      <from uri="eventbus://packet-classifier-opencrvs_new-bus-out" />
      <log message="packet-classifier-->introducer-validator/demo-dedupe opencrvs_new route ${bodyAs(String)}" />
      <choice>
         <when>
            <jsonpath>$.[?(@['isValid'] == false &amp;&amp; @['internalError'] == true)]</jsonpath>
            <to uri="workflow-cmd://complete-as-failed" />
            <to uri="workflow-cmd://anonymous-profile" />
         </when>
         <when>
            <jsonpath>$.[?(@['isValid'] == true &amp;&amp; @['internalError'] == true)]</jsonpath>
            <to uri="workflow-cmd://mark-as-reprocess" />
         </when>
         <when>
            <jsonpath>$.[?(@['isValid'] == false &amp;&amp; @['internalError'] == false)]</jsonpath>
            <to uri="workflow-cmd://complete-as-failed" />
            <to uri="workflow-cmd://anonymous-profile" />
         </when>
         <when>
            <jsonpath suppressExceptions="true">$.[?((@['tags']['AGE_GROUP'] == 'INFANT' || @['tags']['AGE_GROUP'] == 'MINOR') &amp;&amp; @['tags']['INTRODUCER_AVAILABILITY'] == 'true')]</jsonpath>
            <to uri="eventbus://introducer-validator-bus-in" />
         </when>
         <otherwise>
            <to uri="eventbus://demo-dedupe-bus-in" />
         </otherwise>
      </choice>
   </route>
   <route id="introducer-validator-->demo-dedupe opencrvs_new route">
      <from uri="eventbus://introducer-validator-opencrvs_new-bus-out" />
      <log message="introducer-validator-->demo-dedupe opencrvs_new route ${bodyAs(String)}" />
      <choice>
         <when>
            <jsonpath>$.[?(@['isValid'] == false &amp;&amp; @['internalError'] == true)]</jsonpath>
            <to uri="workflow-cmd://complete-as-failed" />
            <to uri="workflow-cmd://anonymous-profile" />
         </when>
         <when>
            <jsonpath>$.[?(@['isValid'] == true &amp;&amp; @['internalError'] == true)]</jsonpath>
            <to uri="workflow-cmd://mark-as-reprocess" />
         </when>
         <when>
            <jsonpath>$.[?(@['isValid'] == false &amp;&amp; @['internalError'] == false)]</jsonpath>
            <to uri="workflow-cmd://complete-as-failed" />
            <to uri="workflow-cmd://anonymous-profile" />
         </when>
         <otherwise>
            <to uri="eventbus://demo-dedupe-bus-in" />
         </otherwise>
      </choice>
   </route>
   <route id="demo-dedupe-->uin-generator opencrvs_new route">
      <from uri="eventbus://demo-dedupe-opencrvs_new-bus-out" />
      <log message="demo-dedupe-->uin-generator opencrvs_new route ${bodyAs(String)}" />
      <choice>
         <when>
            <jsonpath>$.[?(@['isValid'] == false &amp;&amp; @['internalError'] == true)]</jsonpath>
            <to uri="workflow-cmd://complete-as-failed" />
            <to uri="workflow-cmd://anonymous-profile" />
         </when>
         <when>
            <jsonpath>$.[?(@['isValid'] == true &amp;&amp; @['internalError'] == true)]</jsonpath>
            <to uri="workflow-cmd://mark-as-reprocess" />
         </when>
         <when>
            <jsonpath>$.[?(@['isValid'] == false &amp;&amp; @['internalError'] == false)]</jsonpath>
            <to uri="workflow-cmd://complete-as-rejected" />
            <to uri="workflow-cmd://anonymous-profile" />
         </when>
		 <when>
            <jsonpath suppressExceptions="true">$.[?(@['tags']['AGE_GROUP'] == 'INFANT')]</jsonpath>
            <to uri="eventbus://verification-bus-in" />
         </when>
         <otherwise>
            <to uri="eventbus://uin-generator-bus-in" />
         </otherwise>
      </choice>
   </route>
   <route id="uin-generator-->finalization opencrvs_new route">
      <from uri="eventbus://uin-generator-opencrvs_new-bus-out" />
      <log message="uin-generator-->finalization opencrvs_new route ${bodyAs(String)}" />
      <choice>
         <when>
            <jsonpath>$.[?(@['isValid'] == false &amp;&amp; @['internalError'] == true)]</jsonpath>
            <to uri="workflow-cmd://complete-as-failed" />
            <to uri="workflow-cmd://anonymous-profile" />
         </when>
         <when>
            <jsonpath>$.[?(@['isValid'] == true &amp;&amp; @['internalError'] == true)]</jsonpath>
            <to uri="workflow-cmd://mark-as-reprocess" />
         </when>
         <when>
            <jsonpath>$.[?(@['isValid'] == false &amp;&amp; @['internalError'] == false)]</jsonpath>
            <to uri="workflow-cmd://complete-as-failed" />
            <to uri="workflow-cmd://anonymous-profile" />
         </when>
         <otherwise>
            <to uri="eventbus://finalization-bus-in" />
            <to uri="workflow-cmd://anonymous-profile" />
         </otherwise>
      </choice>
   </route>
   <route id="finalization-->printing-stage opencrvs_new route">
      <from uri="eventbus://finalization-opencrvs_new-bus-out" />
      <log message="finalization-->printing-stage opencrvs_new route ${bodyAs(String)}" />
      <choice>
         <when>
            <jsonpath>$.[?(@['isValid'] == false &amp;&amp; @['internalError'] == true)]</jsonpath>
            <to uri="workflow-cmd://complete-as-failed" />
            <to uri="workflow-cmd://anonymous-profile" />
         </when>
         <when>
            <jsonpath>$.[?(@['isValid'] == true &amp;&amp; @['internalError'] == true)]</jsonpath>
            <to uri="workflow-cmd://mark-as-reprocess" />
         </when>
         <when>
            <jsonpath>$.[?(@['isValid'] == false &amp;&amp; @['internalError'] == false)]</jsonpath>
            <to uri="workflow-cmd://complete-as-failed" />
            <to uri="workflow-cmd://anonymous-profile" />
         </when>
         <otherwise>
            <to uri="eventbus://printing-bus-in" />
         </otherwise>
      </choice>
   </route>
   <route id="printing-stage-->opencrvs-stage opencrvs_new route">
      <from uri="eventbus://printing-opencrvs_new-bus-out" />
      <log message="printing-stage-->opencrvs-stage opencrvs_new route ${bodyAs(String)}" />
      <choice>
         <when>
            <jsonpath>$.[?(@['isValid'] == false &amp;&amp; @['internalError'] == true)]</jsonpath>
            <to uri="workflow-cmd://complete-as-failed" />
            <to uri="workflow-cmd://anonymous-profile" />
         </when>
         <when>
            <jsonpath>$.[?(@['isValid'] == true &amp;&amp; @['internalError'] == true)]</jsonpath>
            <to uri="workflow-cmd://mark-as-reprocess" />
         </when>
         <when>
            <jsonpath>$.[?(@['isValid'] == false &amp;&amp; @['internalError'] == false)]</jsonpath>
            <to uri="workflow-cmd://complete-as-failed" />
            <to uri="workflow-cmd://anonymous-profile" />
         </when>
         <otherwise>
            <to uri="eventbus://opencrvs-bus-in" />
         </otherwise>
      </choice>
   </route>
   <route id="opencrvs-stage--> opencrvs_new route">
      <from uri="eventbus://opencrvs-opencrvs_new-bus-out" />
      <log message="opencrvs-stage--> opencrvs_new route ${bodyAs(String)}" />
      <choice>
         <when>
            <jsonpath>$.[?(@['isValid'] == true &amp;&amp; @['internalError'] == true)]</jsonpath>
            <to uri="workflow-cmd://mark-as-reprocess" />
         </when>
         <otherwise>
            <to uri="workflow-cmd://complete-as-processed" />
            <to uri="workflow-cmd://anonymous-profile" />
         </otherwise>
      </choice>
   </route>
</routes>
