<routes xmlns="http://camel.apache.org/schema/spring">
   <route id="packet-reciever-->securezone-notification biometric_correction route">
      <from uri="eventbus://packet-receiver-biometric_correction-bus-out" />
      <log message="packet-reciever-->securezone-notification biometric_correction ${bodyAs(String)}" />
      <choice>
         <when>
            <jsonpath>$.[?(@['isValid'] == false &amp;&amp; @['internalError'] == true)]</jsonpath>
            <to uri="workflow-cmd://complete-as-failed" />
         </when>
         <when>
            <jsonpath>$.[?(@['isValid'] == true &amp;&amp; @['internalError'] == true)]</jsonpath>
            <to uri="workflow-cmd://mark-as-reprocess" />
         </when>
         <when>
            <jsonpath>$.[?(@['isValid'] == false &amp;&amp; @['internalError'] == false)]</jsonpath>
            <to uri="workflow-cmd://complete-as-failed" />
         </when>
         <otherwise>
            <to uri="eventbus://securezone-notification-bus-in" />
         </otherwise>
      </choice>
   </route>
   <route id="securezone-notification-->packet-uploader biometric_correction route">
      <from uri="eventbus://securezone-notification-biometric_correction-bus-out" />
      <log message="securezone-notification-->packet-uploader biometric_correction route ${bodyAs(String)}" />
      <choice>
         <when>
            <jsonpath>$.[?(@['isValid'] == false &amp;&amp; @['internalError'] == true)]</jsonpath>
            <to uri="workflow-cmd://complete-as-failed" />
         </when>
         <when>
            <jsonpath>$.[?(@['isValid'] == true &amp;&amp; @['internalError'] == true)]</jsonpath>
            <to uri="workflow-cmd://mark-as-reprocess" />
         </when>
         <when>
            <jsonpath>$.[?(@['isValid'] == false &amp;&amp; @['internalError'] == false)]</jsonpath>
            <to uri="workflow-cmd://complete-as-rejected-without-parent-flow" />
         </when>
         <otherwise>
            <to uri="eventbus://packet-uploader-bus-in" />
         </otherwise>
      </choice>
   </route>
   <route id="packet-uploader-->packet-validator biometric_correction route">
      <from uri="eventbus://packet-uploader-biometric_correction-bus-out" />
      <log message="packet-uploader-->packet-validator biometric_correction route ${bodyAs(String)}" />
      <choice>
         <when>
            <jsonpath>$.[?(@['isValid'] == false &amp;&amp; @['internalError'] == true)]</jsonpath>
            <to uri="workflow-cmd://complete-as-failed" />
         </when>
         <when>
            <jsonpath>$.[?(@['isValid'] == true &amp;&amp; @['internalError'] == true)]</jsonpath>
            <to uri="workflow-cmd://mark-as-reprocess" />
         </when>
         <when>
            <jsonpath>$.[?(@['isValid'] == false &amp;&amp; @['internalError'] == false)]</jsonpath>
            <to uri="workflow-cmd://complete-as-failed" />
         </when>
         <otherwise>
            <to uri="eventbus://packet-validator-bus-in" />
         </otherwise>
      </choice>
   </route>
   <route id="packet-validator-->packet-classifier biometric_correction route">
      <from uri="eventbus://packet-validator-biometric_correction-bus-out" />
      <log message="packet-validator-->packet-classifier new route ${bodyAs(String)}" />
      <choice>
         <when>
            <jsonpath>$.[?(@['isValid'] == false &amp;&amp; @['internalError'] == true)]</jsonpath>
            <to uri="workflow-cmd://complete-as-failed" />
         </when>
         <when>
            <jsonpath>$.[?(@['isValid'] == true &amp;&amp; @['internalError'] == true)]</jsonpath>
            <to uri="workflow-cmd://mark-as-reprocess" />
         </when>
         <when>
            <jsonpath>$.[?(@['isValid'] == false &amp;&amp; @['internalError'] == false)]</jsonpath>
            <to uri="workflow-cmd://complete-as-failed" />
         </when>
         <otherwise>
            <to uri="eventbus://packet-classifier-bus-in" />
         </otherwise>
      </choice>
   </route>
   <route id="packet-classifier-->cmd-validator biometric_correction route">
      <from uri="eventbus://packet-classifier-biometric_correction-bus-out" />
      <log message="packet-classifier-->cmd-validator biometric_correction route ${bodyAs(String)}" />
      <choice>
         <when>
            <jsonpath>$.[?(@['isValid'] == false &amp;&amp; @['internalError'] == true)]</jsonpath>
            <to uri="workflow-cmd://complete-as-failed" />
         </when>
         <when>
            <jsonpath>$.[?(@['isValid'] == true &amp;&amp; @['internalError'] == true)]</jsonpath>
            <to uri="workflow-cmd://mark-as-reprocess" />
         </when>
         <when>
            <jsonpath>$.[?(@['isValid'] == false &amp;&amp; @['internalError'] == false)]</jsonpath>
            <to uri="workflow-cmd://complete-as-failed" />
         </when>
         <otherwise>
            <to uri="eventbus://c-m-d-validator-bus-in" />
         </otherwise>
      </choice>
   </route>
   <route id="cmd-validator-->operator-validator biometric_correction route">
      <from uri="eventbus://c-m-d-validator-biometric_correction-bus-out" />
      <log message="cmd-validator-->operator-validator/supervisor-validator biometric_correction route ${bodyAs(String)}" />
      <choice>
         <when>
            <jsonpath>$.[?(@['isValid'] == false &amp;&amp; @['internalError'] == true)]</jsonpath>
            <to uri="workflow-cmd://complete-as-failed" />
         </when>
         <when>
            <jsonpath>$.[?(@['isValid'] == true &amp;&amp; @['internalError'] == true)]</jsonpath>
            <to uri="workflow-cmd://mark-as-reprocess" />
         </when>
         <when>
            <jsonpath>$.[?(@['isValid'] == false &amp;&amp; @['internalError'] == false)]</jsonpath>
            <to uri="workflow-cmd://complete-as-failed" />
         </when>
         <when>
            <jsonpath suppressExceptions="true">$.[?(@['tags']['META_INFO-OPERATIONS_DATA-officerId'] != '' &amp;&amp; @['tags']['META_INFO-OPERATIONS_DATA-officerId'] != '--TAG_VALUE_NOT_AVAILABLE--')]</jsonpath>
            <to uri="eventbus://operator-validator-bus-in" />
         </when>
         <when>
            <jsonpath suppressExceptions="true">$.[?(@['tags']['META_INFO-OPERATIONS_DATA-supervisorId'] != '' &amp;&amp; @['tags']['META_INFO-OPERATIONS_DATA-supervisorId'] != '--TAG_VALUE_NOT_AVAILABLE--')]</jsonpath>
            <to uri="eventbus://supervisor-validator-bus-in" />
         </when>
         <otherwise>
            <to uri="workflow-cmd://complete-as-failed" />
         </otherwise>
      </choice>
   </route>
   <route id="operator-validator-->supervisor-validator biometric_correction route">
      <from uri="eventbus://operator-validator-biometric_correction-bus-out" />
      <log message="operator-validator-->supervisor-validator/introducer-validator/demo-dedupe biometric_correction route ${bodyAs(String)}" />
      <choice>
         <when>
            <jsonpath>$.[?(@['isValid'] == false &amp;&amp; @['internalError'] == true)]</jsonpath>
            <to uri="workflow-cmd://complete-as-failed" />
         </when>
         <when>
            <jsonpath>$.[?(@['isValid'] == true &amp;&amp; @['internalError'] == true)]</jsonpath>
            <to uri="workflow-cmd://mark-as-reprocess" />
         </when>
         <when>
            <jsonpath>$.[?(@['isValid'] == false &amp;&amp; @['internalError'] == false)]</jsonpath>
            <to uri="workflow-cmd://complete-as-failed" />
         </when>
         <when>
            <jsonpath suppressExceptions="true">$.[?(@['tags']['META_INFO-OPERATIONS_DATA-supervisorId'] != '' &amp;&amp; @['tags']['META_INFO-OPERATIONS_DATA-supervisorId'] != '--TAG_VALUE_NOT_AVAILABLE--')]</jsonpath>
            <to uri="eventbus://supervisor-validator-bus-in" />
         </when>
         <when>
            <jsonpath suppressExceptions="true">$.[?(@['tags']['AGE_GROUP'] == 'INFANT' || @['tags']['AGE_GROUP'] == 'MINOR' || @['tags']['INTRODUCER_AVAILABILITY'] == 'true')]</jsonpath>
            <to uri="eventbus://introducer-validator-bus-in" />
         </when>
          <otherwise>
                 <to uri="workflow-cmd://complete-as-processed" />
         </otherwise>
      </choice>
   </route>
   <route id="supervisor-validator-->introducer-validator biometric_correction route">
      <from uri="eventbus://supervisor-validator-biometric_correction-bus-out" />
      <log message="supervisor-validator-->introducer-validator/demo-dedupe biometric_correction route ${bodyAs(String)}" />
      <choice>
         <when>
            <jsonpath>$.[?(@['isValid'] == false &amp;&amp; @['internalError'] == true)]</jsonpath>
            <to uri="workflow-cmd://complete-as-failed" />
         </when>
         <when>
            <jsonpath>$.[?(@['isValid'] == true &amp;&amp; @['internalError'] == true)]</jsonpath>
            <to uri="workflow-cmd://mark-as-reprocess" />
         </when>
         <when>
            <jsonpath>$.[?(@['isValid'] == false &amp;&amp; @['internalError'] == false)]</jsonpath>
            <to uri="workflow-cmd://complete-as-failed" />
         </when>
         <when>
            <jsonpath suppressExceptions="true">$.[?(@['tags']['AGE_GROUP'] == 'INFANT' || @['tags']['AGE_GROUP'] == 'MINOR' || @['tags']['INTRODUCER_AVAILABILITY'] == 'true')]</jsonpath>
            <to uri="eventbus://introducer-validator-bus-in" />
         </when>
          <otherwise>
                 <to uri="workflow-cmd://complete-as-processed" />
         </otherwise>
      </choice>
   </route>
   <route id="introducer-validator-->resume parent biometric_correction route">
      <from uri="eventbus://introducer-validator-biometric_correction-bus-out" />
      <log message="introducer-validator-->resume parent biometric_correction route ${bodyAs(String)}" />
      <choice>
         <when>
            <jsonpath>$.[?(@['isValid'] == false &amp;&amp; @['internalError'] == true)]</jsonpath>
            <to uri="workflow-cmd://complete-as-failed" />
         </when>
         <when>
            <jsonpath>$.[?(@['isValid'] == true &amp;&amp; @['internalError'] == true)]</jsonpath>
            <to uri="workflow-cmd://mark-as-reprocess" />
         </when>
         <when>
            <jsonpath>$.[?(@['isValid'] == false &amp;&amp; @['internalError'] == false)]</jsonpath>
            <to uri="workflow-cmd://complete-as-rejected" />
            <to uri="workflow-cmd://anonymous-profile" />
         </when>
        <otherwise>
                 <to uri="workflow-cmd://complete-as-processed" />
         </otherwise>
      </choice>
   </route>
</routes>
