{
  "partners": [
    {
      "id": "digitalcardPartner",
      "partnerId": "mpartner-default-digitalcard",
      "credentialType": "PDFCard",
      "template": "RPR_UIN_CARD_TEMPLATE",
      "appIdBasedCredentialIdSuffix": "-PDF",
      "process": null,
      "metaInfoFields": null
    },
    {
      "id": "printPartner",
      "partnerId": "mpartner-default-print",
      "credentialType": "euin",
      "template": "RPR_UIN_CARD_TEMPLATE",
      "appIdBasedCredentialIdSuffix": null,
      "process": null,
      "metaInfoFields": null
    },
    {
      "id": "opencrvsPartner",
	  "partnerId": "opencrvs-partner",
      "type": "opencrvs",
      "template": "RPR_UIN_CARD_TEMPLATE",
      "process": ["OPENCRVS_NEW"],
      "metaInfoFields": ["opencrvsBRN"]
    }
  ]
}
