<routes xmlns="http://camel.apache.org/schema/spring">
   <!-- Packet-Reciever to securezone-notification lost Route -->
   <route id="packet-reciever-->securezone-notification lost route">
      <from uri="eventbus://packet-receiver-lost-bus-out" />
      <log message="packet-reciever-->securezone-notification ${bodyAs(String)}" />
      <choice>
         <when>
            <jsonpath>$.[?(@['isValid'] == false &amp;&amp; @['internalError'] == true)]</jsonpath>
            <to uri="workflow-cmd://complete-as-failed" />
         </when>
         <when>
            <jsonpath>$.[?(@['isValid'] == true &amp;&amp; @['internalError'] == true)]</jsonpath>
            <to uri="workflow-cmd://mark-as-reprocess" />
         </when>
         <when>
            <jsonpath>$.[?(@['isValid'] == false &amp;&amp; @['internalError'] == false)]</jsonpath>
            <to uri="workflow-cmd://complete-as-failed" />
         </when>
         <otherwise>
            <to uri="eventbus://securezone-notification-bus-in" />
         </otherwise>
      </choice>
   </route>
   <!-- securezone-notification to packet-uploader Route -->
   <route id="securezone-notification-->packet-uploader lost route">
      <from uri="eventbus://securezone-notification-lost-bus-out" />
      <log message="securezone-notification-->packet-uploader lost route ${bodyAs(String)}" />
      <choice>
         <when>
            <jsonpath>$.[?(@['isValid'] == false &amp;&amp; @['internalError'] == true)]</jsonpath>
            <to uri="workflow-cmd://complete-as-failed" />
         </when>
         <when>
            <jsonpath>$.[?(@['isValid'] == true &amp;&amp; @['internalError'] == true)]</jsonpath>
            <to uri="workflow-cmd://mark-as-reprocess" />
         </when>
         <when>
            <jsonpath>$.[?(@['isValid'] == false &amp;&amp; @['internalError'] == false)]</jsonpath>
            <to uri="workflow-cmd://complete-as-failed" />
         </when>
         <otherwise>
            <to uri="eventbus://packet-uploader-bus-in" />
         </otherwise>
      </choice>
   </route>
   <!-- packet-uploader to packet-validator Route -->
   <route id="packet-uploader-->packet-validator lost route">
      <from uri="eventbus://packet-uploader-lost-bus-out" />
      <log message="packet-uploader-->packet-validator lost route ${bodyAs(String)}" />
      <choice>
         <when>
            <jsonpath>$.[?(@['isValid'] == false &amp;&amp; @['internalError'] == true)]</jsonpath>
            <to uri="workflow-cmd://complete-as-failed" />
         </when>
         <when>
            <jsonpath>$.[?(@['isValid'] == true &amp;&amp; @['internalError'] == true)]</jsonpath>
            <to uri="workflow-cmd://mark-as-reprocess" />
         </when>
         <when>
            <jsonpath>$.[?(@['isValid'] == false &amp;&amp; @['internalError'] == false)]</jsonpath>
            <to uri="workflow-cmd://complete-as-failed" />
         </when>
         <otherwise>
            <to uri="eventbus://packet-validator-bus-in" />
         </otherwise>
      </choice>
   </route>
   <!-- Packet Validator to Packet classifier Route -->
   <route id="packet-validator-->packet-classifier lost route">
      <from uri="eventbus://packet-validator-lost-bus-out" />
      <log message="packet-validator-->packet-classifier lost route ${bodyAs(String)}" />
      <choice>
         <when>
            <jsonpath>$.[?(@['isValid'] == false &amp;&amp; @['internalError'] == true)]</jsonpath>
            <to uri="workflow-cmd://complete-as-failed" />
            <to uri="workflow-cmd://anonymous-profile" />
         </when>
         <when>
            <jsonpath>$.[?(@['isValid'] == true &amp;&amp; @['internalError'] == true)]</jsonpath>
            <to uri="workflow-cmd://mark-as-reprocess" />
         </when>
         <when>
            <jsonpath>$.[?(@['isValid'] == false &amp;&amp; @['internalError'] == false)]</jsonpath>
            <to uri="workflow-cmd://complete-as-failed" />
            <to uri="workflow-cmd://anonymous-profile" />
         </when>
         <otherwise>
            <to uri="eventbus://packet-classifier-bus-in" />
         </otherwise>
      </choice>
   </route>
   <!-- Packet classifier to Quality Classifier Route -->
   <route id="packet-classifier-->cmd-validator lost route">
      <from uri="eventbus://packet-classifier-lost-bus-out" />
      <log message="packet-classifier-->cmd-validator lost route ${bodyAs(String)}" />
      <choice>
         <when>
            <jsonpath>$.[?(@['isValid'] == false &amp;&amp; @['internalError'] == true)]</jsonpath>
            <to uri="workflow-cmd://complete-as-failed" />
            <to uri="workflow-cmd://anonymous-profile" />
         </when>
         <when>
            <jsonpath>$.[?(@['isValid'] == true &amp;&amp; @['internalError'] == true)]</jsonpath>
            <to uri="workflow-cmd://mark-as-reprocess" />
         </when>
         <when>
            <jsonpath>$.[?(@['isValid'] == false &amp;&amp; @['internalError'] == false)]</jsonpath>
            <to uri="workflow-cmd://complete-as-failed" />
            <to uri="workflow-cmd://anonymous-profile" />
         </when>
         <otherwise>
            <to uri="eventbus://c-m-d-validator-bus-in" />
         </otherwise>
      </choice>
   </route>
   <route id="cmd-validator-->operator-validator lost route">
      <from uri="eventbus://c-m-d-validator-lost-bus-out" />
      <log message="cmd-validator-->operator-validator/supervisor-validator lost route ${bodyAs(String)}" />
      <choice>
         <when>
            <jsonpath>$.[?(@['isValid'] == false &amp;&amp; @['internalError'] == true)]</jsonpath>
            <to uri="workflow-cmd://complete-as-failed" />
            <to uri="workflow-cmd://anonymous-profile" />
         </when>
         <when>
            <jsonpath>$.[?(@['isValid'] == true &amp;&amp; @['internalError'] == true)]</jsonpath>
            <to uri="workflow-cmd://mark-as-reprocess" />
         </when>
         <when>
            <jsonpath>$.[?(@['isValid'] == false &amp;&amp; @['internalError'] == false)]</jsonpath>
            <to uri="workflow-cmd://complete-as-failed" />
            <to uri="workflow-cmd://anonymous-profile" />
         </when>
         <when>
            <jsonpath suppressExceptions="true">$.[?(@['tags']['META_INFO-OPERATIONS_DATA-officerId'] != '' &amp;&amp; @['tags']['META_INFO-OPERATIONS_DATA-officerId'] != '--TAG_VALUE_NOT_AVAILABLE--')]</jsonpath>
            <to uri="eventbus://operator-validator-bus-in" />
         </when>
         <when>
            <jsonpath suppressExceptions="true">$.[?(@['tags']['META_INFO-OPERATIONS_DATA-supervisorId'] != '' &amp;&amp; @['tags']['META_INFO-OPERATIONS_DATA-supervisorId'] != '--TAG_VALUE_NOT_AVAILABLE--')]</jsonpath>
            <to uri="eventbus://supervisor-validator-bus-in" />
         </when>
         <otherwise>
            <to uri="workflow-cmd://complete-as-failed" />
            <to uri="workflow-cmd://anonymous-profile" />
         </otherwise>
      </choice>
   </route>
   <route id="operator-validator-->supervisor-validator lost route">
      <from uri="eventbus://operator-validator-lost-bus-out" />
      <log message="operator-validator-->supervisor-validator/bio-dedupe lost route ${bodyAs(String)}" />
      <choice>
         <when>
            <jsonpath>$.[?(@['isValid'] == false &amp;&amp; @['internalError'] == true)]</jsonpath>
            <to uri="workflow-cmd://complete-as-failed" />
            <to uri="workflow-cmd://anonymous-profile" />
         </when>
         <when>
            <jsonpath>$.[?(@['isValid'] == true &amp;&amp; @['internalError'] == true)]</jsonpath>
            <to uri="workflow-cmd://mark-as-reprocess" />
         </when>
         <when>
            <jsonpath>$.[?(@['isValid'] == false &amp;&amp; @['internalError'] == false)]</jsonpath>
            <to uri="workflow-cmd://complete-as-failed" />
            <to uri="workflow-cmd://anonymous-profile" />
         </when>
         <when>
            <jsonpath suppressExceptions="true">$.[?(@['tags']['META_INFO-OPERATIONS_DATA-supervisorId'] != '' &amp;&amp; @['tags']['META_INFO-OPERATIONS_DATA-supervisorId'] != '--TAG_VALUE_NOT_AVAILABLE--')]</jsonpath>
            <to uri="eventbus://supervisor-validator-bus-in" />
         </when>
         <otherwise>
            <to uri="eventbus://quality-classifier-bus-in" />
         </otherwise>
      </choice>
   </route>
   <route id="supervisor-validator-->introducer-validator lost route">
      <from uri="eventbus://supervisor-validator-lost-bus-out" />
      <log message="supervisor-validator-->introducer-validator/quality-classifier lost route ${bodyAs(String)}" />
      <choice>
         <when>
            <jsonpath>$.[?(@['isValid'] == false &amp;&amp; @['internalError'] == true)]</jsonpath>
            <to uri="workflow-cmd://complete-as-failed" />
            <to uri="workflow-cmd://anonymous-profile" />
         </when>
         <when>
            <jsonpath>$.[?(@['isValid'] == true &amp;&amp; @['internalError'] == true)]</jsonpath>
            <to uri="workflow-cmd://mark-as-reprocess" />
         </when>
         <when>
            <jsonpath>$.[?(@['isValid'] == false &amp;&amp; @['internalError'] == false)]</jsonpath>
            <to uri="workflow-cmd://complete-as-failed" />
            <to uri="workflow-cmd://anonymous-profile" />
         </when>
         <when>
            <jsonpath suppressExceptions="true">$.[?(@['tags']['AGE_GROUP'] == 'INFANT' || @['tags']['AGE_GROUP'] == 'MINOR' || @['tags']['INTRODUCER_AVAILABILITY'] == 'true')]</jsonpath>
            <to uri="eventbus://introducer-validator-bus-in" />
         </when>
         <otherwise>
            <to uri="eventbus://quality-classifier-bus-in" />
         </otherwise>
      </choice>
   </route>
   <route id="introducer-validator-->quality-classifier lost route">
      <from uri="eventbus://introducer-validator-lost-bus-out" />
      <log message="packet-classifier-->quality-classifier lost route ${bodyAs(String)}" />
      <choice>
         <when>
            <jsonpath>$.[?(@['isValid'] == false &amp;&amp; @['internalError'] == true)]</jsonpath>
            <to uri="workflow-cmd://complete-as-failed" />
            <to uri="workflow-cmd://anonymous-profile" />
         </when>
         <when>
            <jsonpath>$.[?(@['isValid'] == true &amp;&amp; @['internalError'] == true)]</jsonpath>
            <to uri="workflow-cmd://mark-as-reprocess" />
         </when>
         <when>
            <jsonpath>$.[?(@['isValid'] == false &amp;&amp; @['internalError'] == false)]</jsonpath>
            <to uri="workflow-cmd://complete-as-failed" />
            <to uri="workflow-cmd://anonymous-profile" />
         </when>
         <otherwise>
            <to uri="eventbus://quality-classifier-bus-in" />
         </otherwise>
      </choice>
   </route>
   <route id="quality-classifier-->bio-dedupe lost route">
      <from uri="eventbus://quality-classifier-lost-bus-out" />
      <log message="quality-classifier-->bio-dedupe lost route ${bodyAs(String)}" />
      <choice>
         <when>
            <jsonpath>$.[?(@['isValid'] == false &amp;&amp; @['internalError'] == true)]</jsonpath>
            <to uri="workflow-cmd://complete-as-failed" />
            <to uri="workflow-cmd://anonymous-profile" />
         </when>
         <when>
            <jsonpath>$.[?(@['isValid'] == true &amp;&amp; @['internalError'] == true)]</jsonpath>
            <to uri="workflow-cmd://mark-as-reprocess" />
         </when>
         <when>
            <jsonpath>$.[?(@['isValid'] == false &amp;&amp; @['internalError'] == false)]</jsonpath>
            <to uri="workflow-cmd://complete-as-failed" />
            <to uri="workflow-cmd://anonymous-profile" />
         </when>
         <when>
            <jsonpath suppressExceptions="true">$.[?(@['tags']['BIOMETRIC_CORRECTION_FLOW_STATUS'] in ['FAILED'] || @['tags']['BIOMETRIC_CORRECTION_FLOW_STATUS'] in ['REJECTED'])]</jsonpath>
            <setProperty propertyName="ADDITIONAL_INFO_PROCESS"><constant>BIOMETRIC_CORRECTION</constant></setProperty>
            <setProperty propertyName="PAUSE_FOR"><constant>1296000</constant></setProperty>
            <to uri="workflow-cmd://pause-and-request-additional-info" />
         </when>
         <when>
            <jsonpath suppressExceptions="true">$.[?(@['tags']['Biometric_Quality-Iris'] in ['level-4','level-5','level-6','level-7','level-8','level-9','level-10','--Biometrics-Not-Available--'] &amp;&amp; @['tags']['Biometric_Quality-Finger'] in ['level-4','level-5','level-6','level-7','level-8','level-9','level-10','--Biometrics-Not-Available--'] &amp;&amp; @['tags']['Biometric_Quality-Face'] in ['level-4','level-5','level-6','level-7','level-8','level-9','level-10','--Biometrics-Not-Available--'])]</jsonpath>
            <to uri="eventbus://bio-dedupe-bus-in" />
         </when>
         <when>
            <jsonpath suppressExceptions="true">$.[?(@['tags']['Biometric_Quality-Iris'] in ['level-1','level-2','level-3'] || @['tags']['Biometric_Quality-Finger'] in ['level-1','level-2','level-3'] || @['tags']['Biometric_Quality-Face'] in ['level-1','level-2','level-3'])]</jsonpath>
            <setProperty propertyName="ADDITIONAL_INFO_PROCESS"><constant>BIOMETRIC_CORRECTION</constant></setProperty>
            <!-- PAUSE_FOR is in seconds -->
            <setProperty propertyName="PAUSE_FOR"><constant>1296000</constant></setProperty>
            <to uri="workflow-cmd://pause-and-request-additional-info" />
         </when>
         <otherwise>
            <to uri="workflow-cmd://complete-as-failed" />
            <to uri="workflow-cmd://anonymous-profile" />
         </otherwise>
      </choice>
   </route>
   <route id="bio-dedupe-lost-->uin-generation lost route">
      <from uri="eventbus://bio-dedupe-lost-bus-out" />
      <log message="bio-dedupe-->uin-generation lost route ${bodyAs(String)}" />
      <choice>
        <when>
            <jsonpath>$.[?(@['isValid'] == false &amp;&amp; @['internalError'] == true)]</jsonpath>
            <to uri="workflow-cmd://complete-as-failed" />
           <to uri="workflow-cmd://anonymous-profile" />
         </when>
         <when>
            <jsonpath>$.[?(@['isValid'] == true &amp;&amp; @['internalError'] == true)]</jsonpath>
            <to uri="workflow-cmd://mark-as-reprocess" />
         </when>
        <when>
            <jsonpath>$.[?(@['isValid'] == false &amp;&amp; @['internalError'] == false)]</jsonpath>
            <to uri="workflow-cmd://complete-as-rejected" />
            <to uri="workflow-cmd://anonymous-profile" />
         </when>
         <when>
            <jsonpath suppressExceptions="true">$.[?(@['messageBusAddress']['address'] == 'verification-bus-in')]</jsonpath>
            <to uri="eventbus://verification-bus-in" />
         </when>
         <when>
            <jsonpath suppressExceptions="true">$.[?(@['messageBusAddress']['address'] == 'abis-handler-bus-in')]</jsonpath>
            <to uri="eventbus://abis-handler-bus-in" />
         </when>
         <when>
            <jsonpath suppressExceptions="true">$.[?(@['messageBusAddress']['address'] == 'manual-adjudication-bus-in')]</jsonpath>
            <to uri="eventbus://manual-adjudication-bus-in" />
         </when>
         <otherwise>
            <to uri="eventbus://uin-generator-bus-in" />
         </otherwise>
      </choice>
   </route>
   <route id="verification route-->uin-generator lost route">
      <from uri="eventbus://verification-lost-bus-out" />
      <log message="verification route-->uin-generator lost route ${bodyAs(String)}" />
      <choice>
         <when>
            <jsonpath>$.[?(@['isValid'] == false &amp;&amp; @['internalError'] == true)]</jsonpath>
            <to uri="workflow-cmd://complete-as-failed" />
            <to uri="workflow-cmd://anonymous-profile" />
         </when>
         <when>
            <jsonpath>$.[?(@['isValid'] == true &amp;&amp; @['internalError'] == true)]</jsonpath>
            <to uri="workflow-cmd://mark-as-reprocess" />
         </when>
         <when>
            <jsonpath>$.[?(@['isValid'] == false &amp;&amp; @['internalError'] == false)]</jsonpath>
            <to uri="workflow-cmd://complete-as-failed" />
            <to uri="workflow-cmd://anonymous-profile" />
         </when>
         <otherwise>
            <to uri="eventbus://uin-generator-bus-in" />
         </otherwise>
      </choice>
   </route>
   <route id="abis-handler-->abis-middleware lost route">
      <from uri="eventbus://abis-handler-lost-bus-out" />
      <log message="abis-handler-->abis-middleware lost route ${bodyAs(String)}" />
      <choice>
         <when>
            <jsonpath>$.[?(@['isValid'] == false &amp;&amp; @['internalError'] == true)]</jsonpath>
            <to uri="workflow-cmd://complete-as-failed" />
            <to uri="workflow-cmd://anonymous-profile" />
         </when>
         <when>
            <jsonpath>$.[?(@['isValid'] == true &amp;&amp; @['internalError'] == true)]</jsonpath>
            <to uri="workflow-cmd://mark-as-reprocess" />
         </when>
         <when>
            <jsonpath>$.[?(@['isValid'] == false &amp;&amp; @['internalError'] == false)]</jsonpath>
            <to uri="workflow-cmd://complete-as-failed" />
            <to uri="workflow-cmd://anonymous-profile" />
         </when>
         <when>
            <jsonpath suppressExceptions="true">$.[?(@['messageBusAddress']['address'] == 'abis-middle-ware-bus-in')]</jsonpath>
            <to uri="eventbus://abis-middle-ware-bus-in" />
         </when>
         <when>
            <jsonpath suppressExceptions="true">$.[?(@['messageBusAddress']['address'] == 'bio-dedupe-bus-in')]</jsonpath>
            <to uri="eventbus://bio-dedupe-bus-in" />
         </when>
		 <otherwise>
            <to uri="workflow-cmd://complete-as-failed" />
            <to uri="workflow-cmd://anonymous-profile" />
         </otherwise>
      </choice>
   </route>
   <route id="abis-middleware route-->abis-handler lost route">
      <from uri="eventbus://abis-middle-ware-lost-bus-out" />
      <log message="abis-middleware route-->abis-handler lost route ${bodyAs(String)}" />
      <when>
         <jsonpath>$.[?(@['isValid'] == false &amp;&amp; @['internalError'] == true)]</jsonpath>
         <to uri="workflow-cmd://complete-as-failed" />
         <to uri="workflow-cmd://anonymous-profile" />
      </when>
      <when>
         <jsonpath>$.[?(@['isValid'] == true &amp;&amp; @['internalError'] == true)]</jsonpath>
         <to uri="workflow-cmd://mark-as-reprocess" />
      </when>
      <when>
         <jsonpath>$.[?(@['isValid'] == false &amp;&amp; @['internalError'] == false)]</jsonpath>
         <to uri="workflow-cmd://complete-as-failed" />
         <to uri="workflow-cmd://anonymous-profile" />
      </when>
      <otherwise>
         <to uri="eventbus://abis-handler-bus-in" />
      </otherwise>
   </route>
   <route id="manual-adjudication-lost-->uin-generation lost route">
      <from uri="eventbus://manual-adjudication-lost-bus-out" />
      <log message="manual-adjudication-lost-->uin-generation lost route ${bodyAs(String)}" />
      <choice>
         <when>
            <jsonpath>$.[?(@['isValid'] == false &amp;&amp; @['internalError'] == true)]</jsonpath>
            <to uri="workflow-cmd://complete-as-failed" />
            <to uri="workflow-cmd://anonymous-profile" />
         </when>
         <when>
            <jsonpath>$.[?(@['isValid'] == true &amp;&amp; @['internalError'] == true)]</jsonpath>
            <to uri="workflow-cmd://mark-as-reprocess" />
         </when>
         <when>
            <jsonpath>$.[?(@['isValid'] == false &amp;&amp; @['internalError'] == false)]</jsonpath>
            <to uri="workflow-cmd://complete-as-rejected" />
            <to uri="workflow-cmd://anonymous-profile" />
         </when>
         <otherwise>
            <to uri="eventbus://uin-generator-bus-in" />
         </otherwise>
      </choice>
   </route>
	<!-- UIN Generator to biometric-extraction Route -->
   <route id="uin-generation route-->biometric-extraction-stage lost route">
      <from uri="eventbus://uin-generator-lost-bus-out" />
      <log message="uin-generation-->biometric-extraction-stage route ${bodyAs(String)}" />
      <choice>
         <when>
            <jsonpath>$.[?(@['isValid'] == false &amp;&amp; @['internalError'] == true)]</jsonpath>
            <to uri="workflow-cmd://complete-as-failed" />
            <to uri="workflow-cmd://anonymous-profile" />
         </when>
         <when>
            <jsonpath>$.[?(@['isValid'] == true &amp;&amp; @['internalError'] == true)]</jsonpath>
            <to uri="workflow-cmd://mark-as-reprocess" />
         </when>
         <when>
            <jsonpath>$.[?(@['isValid'] == false &amp;&amp; @['internalError'] == false)]</jsonpath>
            <to uri="workflow-cmd://complete-as-failed" />
            <to uri="workflow-cmd://anonymous-profile" />
         </when>
         <otherwise>
            <to uri="eventbus://biometric-extraction-bus-in" />
         </otherwise>
      </choice>
   </route>
 <!-- biometric-extraction to finalization Route -->
   <route id="biometric-extraction route-->finalization-stage lost route">
      <from uri="eventbus://biometric-extraction-lost-bus-out" />
      <log message="biometric-extraction-->finalization-stage route ${bodyAs(String)}" />
      <choice>
         <when>
            <jsonpath>$.[?(@['isValid'] == false &amp;&amp; @['internalError'] == true)]</jsonpath>
            <to uri="workflow-cmd://complete-as-failed" />
            <to uri="workflow-cmd://anonymous-profile" />
         </when>
         <when>
            <jsonpath>$.[?(@['isValid'] == true &amp;&amp; @['internalError'] == true)]</jsonpath>
            <to uri="workflow-cmd://mark-as-reprocess" />
         </when>
         <when>
            <jsonpath>$.[?(@['isValid'] == false &amp;&amp; @['internalError'] == false)]</jsonpath>
            <to uri="workflow-cmd://complete-as-failed" />
            <to uri="workflow-cmd://anonymous-profile" />
         </when>
         <otherwise>
            <to uri="eventbus://finalization-bus-in" />
         </otherwise>
      </choice>
   </route>
	 <!-- finalization to Printing Route -->
   <route id="finalization-lost-->printing-stage lost route">
      <from uri="eventbus://finalization-lost-bus-out" />
      <log message="finalization-lost-->printing-stage lost route ${bodyAs(String)}" />
      <choice>
         <when>
            <jsonpath>$.[?(@['isValid'] == false &amp;&amp; @['internalError'] == true)]</jsonpath>
            <to uri="workflow-cmd://complete-as-failed" />
            <to uri="workflow-cmd://anonymous-profile" />
         </when>
         <when>
            <jsonpath>$.[?(@['isValid'] == true &amp;&amp; @['internalError'] == true)]</jsonpath>
            <to uri="workflow-cmd://mark-as-reprocess" />
         </when>
         <when>
            <jsonpath>$.[?(@['isValid'] == false &amp;&amp; @['internalError'] == false)]</jsonpath>
            <to uri="workflow-cmd://complete-as-failed" />
            <to uri="workflow-cmd://anonymous-profile" />
         </when>
         <otherwise>
            <to uri="eventbus://printing-bus-in" />
         </otherwise>
      </choice>
   </route>
   <route id="printing-stage--> lost route">
      <from uri="eventbus://printing-lost-bus-out" />
      <log message="printing-stage--> route ${bodyAs(String)}" />
      <choice>
         <when>
            <jsonpath>$.[?(@['isValid'] == false &amp;&amp; @['internalError'] == true)]</jsonpath>
            <to uri="workflow-cmd://complete-as-failed" />
            <to uri="workflow-cmd://anonymous-profile" />
         </when>
         <when>
            <jsonpath>$.[?(@['isValid'] == true &amp;&amp; @['internalError'] == true)]</jsonpath>
            <to uri="workflow-cmd://mark-as-reprocess" />
         </when>
         <when>
            <jsonpath>$.[?(@['isValid'] == false &amp;&amp; @['internalError'] == false)]</jsonpath>
            <to uri="workflow-cmd://complete-as-failed" />
            <to uri="workflow-cmd://anonymous-profile" />
         </when>
         <otherwise>
            <to uri="workflow-cmd://complete-as-processed" />
            <to uri="workflow-cmd://anonymous-profile" />
         </otherwise>
      </choice>
   </route>
</routes>
