{
  "identity": [
    {
      "attributeName": "fullName",
      "description": "",
      "labelName": {
        "eng": [
          "Current Name",
          "New Name"
        ],
        "ara": [
          "Current Name_ara",
          "New Name_ara"
        ],
        "fra": [
          "Current Name_fra",
          "New Name_fra"
        ]
      },
      "controlType": "textbox",
      "tabgroup": "identity"
    },
    {
      "attributeName": "dateOfBirth",
      "description": "",
      "labelName": {
        "eng": [
          "Current DOB",
          "New DOB"
        ],
        "ara": [
          "Current DOB_ara",
          "New DOB_ara"
        ],
        "fra": [
          "Current DOB_fra",
          "New DOB_fra"
        ]
      },
      "controlType": "calendar",
      "tabgroup": "identity"
    },
    {
      "attributeName": "gender",
      "description": "",
      "labelName": {
        "eng": [
          "Current Gender",
          "New Gender"
        ],
        "ara": [
          "Current Gender_ara",
          "New Gender_ara"
        ],
        "fra": [
          "Current Gender_fra",
          "New Gender_fra"
        ]
      },
      "controlType": "dropdown",
      "tabgroup": "identity"
    },
    {
      "attributeName": "proofOfIdentity",
      "description": "",
      "labelName": {
        "eng": [
          "Identity Proof",
          "Document Type",
          "Document Reference ID",
          "Proof Of Document",
          "Allowed file type : pdf,jpeg,png,jpg and allowed file size : 2mb"
        ],
        "ara": [
          "Identity Proof_ara",
          "Document Type_ara",
          "Document Reference ID_ara",
          "Proof Of Document_ara",
          "Allowed file type_ara : pdf,jpeg,png,jpg and allowed file size : 2mb"
        ],
        "fra": [
          "Identity Proof_fra",
          "Document Type_fra",
          "Document Reference ID_fra",
          "Proof Of Document_fra",
          "Allowed file type_fra : pdf,jpeg,png,jpg and allowed file size : 2mb"
        ]
      },
      "controlType": "fileupload",
      "tabgroup": "identity"
    },
    {
      "attributeName": "addressLine1",
      "description": "",
      "labelName": {
        "eng": [
          "Current Address Line1",
          "New Address Line1"
        ],
        "ara": [
          "Current Address Line1_ara",
          "New Address Line1_ara"
        ],
        "fra": [
          "Current Address Line1_fra",
          "New Address Line1_fra"
        ]
      },
      "controlType": "textbox",
      "tabgroup": "address"
    },
    {
      "attributeName": "region",
      "name": "Region",
      "description": "",
      "labelName": {
        "eng": [
          "Current Region",
          "New Region"
        ],
        "ara": [
          "Current Region_ara",
          "New Region_ara"
        ],
        "fra": [
          "Current Region_fra",
          "New Region_fra"
        ]
      },
      "controlType": "dropdown",
      "tabgroup": "address",
      "locationHierarchyLevel": 1
    },
    {
      "attributeName": "province",
      "name": "Province",
      "description": "",
      "labelName": {
        "eng": [
          "Current Province",
          "New Province"
        ],
        "ara": [
          "Current Province_ara",
          "New Province_ara"
        ],
        "fra": [
          "Current Province_fra",
          "New Province_fra"
        ]
      },
      "controlType": "dropdown",
      "tabgroup": "address",
      "locationHierarchyLevel": 2
    },
    {
      "attributeName": "city",
      "name": "City",
      "description": "",
      "labelName": {
        "eng": [
          "Current City",
          "New City"
        ],
        "ara": [
          "Current City_ara",
          "New City_ara"
        ],
        "fra": [
          "Current City_fra",
          "New City_fra"
        ]
      },
      "controlType": "dropdown",
      "tabgroup": "address",
      "locationHierarchyLevel": 3
    },
    {
      "attributeName": "zone",
      "name": "Zone",
      "description": "",
      "labelName": {
        "eng": [
          "Current Zone",
          "New Zone"
        ],
        "ara": [
          "Current Zone_ara",
          "New Zone_ara"
        ],
        "fra": [
          "Current Zone_fra",
          "New Zone_fra"
        ]
      },
      "controlType": "dropdown",
      "tabgroup": "address",
      "locationHierarchyLevel": 4
    },
    {
      "attributeName": "postalCode",
      "name": "Postal Code",
      "description": "",
      "labelName": {
        "eng": [
          "Current Postal Code",
          "New Postal Code"
        ],
        "ara": [
          "Current Postal Code_ara",
          "New Postal Code_ara"
        ],
        "fra": [
          "Current Postal Code_fra",
          "New Postal Code_fra"
        ]
      },
      "controlType": "dropdown",
      "tabgroup": "address",
      "locationHierarchyLevel": 5
    },
    {
      "attributeName": "proofOfAddress",
      "description": "",
      "labelName": {
        "eng": [
          "Address Proof",
          "Document Type",
          "Document Reference ID",
          "Proof Of Document",
          "Allowed file type : pdf,jpeg,png,jpg and allowed file size : 2mb"
        ],
        "ara": [
          "Address Proof_ara",
          "Document Type_ara",
          "Document Reference ID_ara",
          "Proof Of Document_ara",
          "Allowed file type_ara : pdf,jpeg,png,jpg and allowed file size : 2mb"
        ],
        "fra": [
          "Address Proof_fra",
          "Document Type_fra",
          "Document Reference ID_fra",
          "Proof Of Document_fra",
          "Allowed file type_fra : pdf,jpeg,png,jpg and allowed file size : 2mb"
        ]
      },
      "controlType": "fileupload",
      "tabgroup": "address"
    },
    {
      "attributeName": "email",
      "description": "",
      "labelName": {
        "eng": [
          "Current email ID",
          "New email ID",
          "Confirm New email ID",
          "Send OTP"
        ],
        "ara": [
          "Current email ID_ara",
          "New email ID_ara",
          "Confirm New email ID_ara",
          "Send OTP_ara"
        ],
        "fra": [
          "Current email ID_fra",
          "New email ID_fra",
          "Confirm New email ID_fra",
          "Send OTP_fra"
        ]
      },
      "controlType": "textbox",
      "tabgroup": "contact"
    },
    {
      "attributeName": "phone",
      "description": "",
      "labelName": {
        "eng": [
          "Current Phone Number",
          "New Phone Number",
          "Confirm New Phone Number",
          "Send OTP"
        ],
        "ara": [
          "Current Phone Number_ara",
          "New Phone Number_ara",
          "Confirm New Phone Number_ara",
          "Send OTP_ara"
        ],
        "fra": [
          "Current Phone Number_fra",
          "New Phone Number_fra",
          "Confirm New Phone Number_fra",
          "Send OTP_fra"
        ]
      },
      "controlType": "textbox",
      "tabgroup": "contact"
    },
    {
      "attributeName": "preferredLang",
      "description": "",
      "labelName": {
        "eng": [
          "Current Notification Language",
          "New Notification Language"
        ],
        "ara": [
          "Current Notification Language_ara",
          "New Notification Language_ara"
        ],
        "fra": [
          "Current Notification Language_fra",
          "New Notification Language_fra"
        ]
      },
      "controlType": "dropdown",
      "tabgroup": "notificationLanguage"
    }
  ]
}
