{
	"identity": [
		{
			"attributeName": "fullName",
			"maskRequired": false,			
			"formatRequired": true,
			"label": {
				"eng": "Name"
			},
			"maskRequiredLabel": {
				"eng": "Mask It"
			},
			"formatOptionLabel":{
				"eng": "Name Format"
			},
			"formatOption":{
				"eng": [{"label":"First Name", "value":"firstName"}, {"label":"Middle Name", "value":"middleName"}, {"label":"Last Name", "value":"lastName"}, {"label":"Full Name", "value":"fullName"}]
			},
			"displaykeyinsharewithpartner":true,
			"displaykeyinpersonalisedcard":true,
			"checked":false
		},
		{
			"attributeName": "dateOfBirth",
			"maskRequired": false,
			"formatRequired": true,
			"label": {
				"eng": "DOB"
			},
			"maskRequiredLabel": {
				"eng": "Mask It"
			},
			"formatOptionLabel":{
				"eng": "Date Format"
			},
			"formatOption":{
				"eng": [{"label":"DD/MM", "value":"DD/MM"}, {"label":"DD/MM/YYYY", "value":"DD/MM/YYYY"}]
			},
			"displaykeyinsharewithpartner":true,
			"displaykeyinpersonalisedcard":true,
			"checked":false
		},
		{
			"attributeName": "UIN",
			"maskAttributeName":"masked_UIN",
			"maskRequired": true,
			"formatRequired": false,
			"label": {
				"eng": "UIN"
			},
			"maskRequiredLabel": {
				"eng": "Mask It"
			},
			"displaykeyinsharewithpartner":true,
			"displaykeyinpersonalisedcard":false,
			"checked":false
		},
		{
			"attributeName": "perpetualVID",
			"maskAttributeName":"masked_perpetualVID",
			"maskRequired": true,
			"formatRequired": false,
			"label": {
				"eng": "Perpetual VID"
			},
			"maskRequiredLabel": {
				"eng": "Mask It"
			},
			"displaykeyinsharewithpartner":true,
			"displaykeyinpersonalisedcard":false,
			"checked":false
		},
		{
			"attributeName": "phone",
			"maskAttributeName":"masked_phone",
			"maskRequired": true,
			"formatRequired": false,
			"label": {
				"eng": "Phone Number"
			},
			"maskRequiredLabel": {
				"eng": "Mask It"
			},
			"displaykeyinsharewithpartner":true,
			"displaykeyinpersonalisedcard":true,
			"checked":false
		},
		{
			"attributeName": "email",
			"maskAttributeName":"masked_email",
			"maskRequired": true,
			"formatRequired": false,
			"label": {
				"eng": "Email ID"
			},
			"maskRequiredLabel": {
				"eng": "Mask It"
			},
			"displaykeyinsharewithpartner":true,
			"displaykeyinpersonalisedcard":true,
			"checked":false
		},
		{
			"attributeName": "addressLine1",
			"maskRequired": false,
			"formatRequired": true,
			"label": {
				"eng": "Address"
			},
			"maskRequiredLabel": {
				"eng": "Mask It"
			},
			"formatOptionLabel":{
				"eng": "Address Format"
			},
			"formatOption":{
				"eng": [{"label":"Region", "value":"region"}, {"label":"Province", "value":"province"}, {"label":"City", "value":"city"}, {"label":"Full Address", "value":"fullAddress"}]
			},
			"displaykeyinsharewithpartner":true,
			"displaykeyinpersonalisedcard":true,
			"checked":false
		},
		{
			"attributeName": "addressLine2",
			"maskRequired": false,
			"formatRequired": false,
			"label": {
				"eng": "Address Line2"
			},
			"maskRequiredLabel": {
				"eng": "Mask It"
			},
			"displaykeyinsharewithpartner":true,
			"displaykeyinpersonalisedcard":true,
			"checked":false
		},
		{
			"attributeName": "addressLine3",
			"maskRequired": false,
			"formatRequired": false,
			"label": {
				"eng": "Address Line3"
			},
			"maskRequiredLabel": {
				"eng": "Mask It"
			},
			"displaykeyinsharewithpartner":true,
			"displaykeyinpersonalisedcard":true,
			"checked":false
		},
		{
			"attributeName": "city",
			"maskRequired": false,
			"formatRequired": false,
			"label": {
				"eng": "City"
			},
			"maskRequiredLabel": {
				"eng": "Mask It"
			},
			"displaykeyinsharewithpartner":true,
			"displaykeyinpersonalisedcard":true,
			"checked":false
		},
		{
			"attributeName": "region",
			"maskRequired": false,
			"formatRequired": false,
			"label": {
				"eng": "Region"
			},
			"maskRequiredLabel": {
				"eng": "Mask It"
			},
			"displaykeyinsharewithpartner":true,
			"displaykeyinpersonalisedcard":true,
			"checked":false
		},
		{
			"attributeName": "province",
			"maskRequired": false,
			"formatRequired": false,
			"label": {
				"eng": "Province"
			},
			"maskRequiredLabel": {
				"eng": "Mask It"
			},
			"displaykeyinsharewithpartner":true,
			"displaykeyinpersonalisedcard":true,
			"checked":false
		},
		{
			"attributeName": "postalCode",
			"maskRequired": false,
			"formatRequired": false,
			"label": {
				"eng": "Postal Code"
			},
			"maskRequiredLabel": {
				"eng": "Mask It"
			},
			"displaykeyinsharewithpartner":true,
			"displaykeyinpersonalisedcard":true,
			"checked":false
		},
		{
			"attributeName": "gender",
			"maskRequired": false,
			"formatRequired": false,
			"label": {
				"eng": "Gender"
			},
			"maskRequiredLabel": {
				"eng": "Mask It"
			},
			"displaykeyinsharewithpartner":true,
			"displaykeyinpersonalisedcard":true,
			"checked":false
		},
		{
			"attributeName": "photo",
			"maskRequired": false,
			"formatRequired": false,
			"label": {
				"eng": "Image"
			},
			"maskRequiredLabel": {
				"eng": "Mask It"
			},
			"displaykeyinsharewithpartner":true,
			"displaykeyinpersonalisedcard":true,
			"checked":false
		}
	]
}
